Origin,CRSElapsedTime,AirTime,Distance,Year,IsWeekend,Season,CRSArr_TimeOfDay,CRSDep_TimeOfDay,dest_temperature_2m_mean,dest_wind_speed_10m_max,dest_wind_gusts_10m_max,dest_precipitation_sum,dest_rain_sum,dest_snowfall_sum,dest_precipitation_hours,dest_weather_code,dest_temperature_2m_range,origin_temperature_2m_mean,origin_wind_speed_10m_max,origin_wind_gusts_10m_max,origin_precipitation_sum,origin_rain_sum,origin_snowfall_sum,origin_precipitation_hours,origin_weather_code,origin_temperature_2m_range,airline_name,SinMonth,CosMonth,SinDay,CosDay
MSP,153.0,127.0,980.0,2021,1,Summer,Afternoon,Morning,11.4,10.5,41.8,0.4,0.4,0.0,3.0,51,9.8,21.0,12.8,31.0,0.0,0.0,0.0,0.0,3,8.7,Republic Airline,-0.4999999999999998,-0.8660254037844388,0.8486442574947509,0.5289640103269624
ORD,120.0,87.0,678.0,2022,0,Spring,Morning,Morning,7.1,10.7,41.0,0.3,0.3,0.0,2.0,51,12.6,16.9,29.1,58.0,0.0,0.0,0.0,0.0,3,13.5,American Airlines Inc.,0.49999999999999994,-0.8660254037844387,0.0,1.0
FLL,163.0,150.0,992.0,2024,0,Winter,Morning,Morning,-24.0,11.7,34.9,0.0,0.0,0.0,0.0,3,18.4,15.1,20.4,39.6,0.0,0.0,0.0,0.0,0,10.9,Spirit Air Lines,0.8660254037844386,0.5000000000000001,0.39435585511331855,0.9189578116202306
CLT,96.0,74.0,449.0,2025,1,Summer,Morning,Morning,12.9,16.6,47.5,0.0,0.0,0.0,0.0,1,13.2,27.2,18.8,43.6,0.0,0.0,0.0,0.0,2,11.0,American Airlines Inc.,-0.4999999999999998,-0.8660254037844388,0.8486442574947509,0.5289640103269624
ORD,123.0,89.0,678.0,2024,0,Fall,Morning,Morning,-2.3,8.5,25.9,0.2,0.2,0.0,2.0,51,10.9,13.8,15.3,34.6,0.0,0.0,0.0,0.0,3,10.2,American Airlines Inc.,-0.8660254037844386,0.5000000000000001,0.0,1.0
MHT,84.0,65.0,289.0,2020,0,Summer,Morning,Morning,5.0,9.0,34.6,5.1,5.1,0.0,10.0,61,8.4,19.2,16.5,41.4,0.0,0.0,0.0,0.0,3,9.5,PSA Airlines Inc.,-0.4999999999999998,-0.8660254037844388,0.5712682150947923,0.8207634412072763
CLT,99.0,65.0,449.0,2025,0,Spring,Night,Night,-12.4,8.6,24.8,0.0,0.0,0.0,0.0,1,13.5,16.7,31.6,66.6,0.1,0.1,0.0,1.0,51,9.8,American Airlines Inc.,1.0,6.123233995736766e-17,0.5712682150947923,0.8207634412072763
DTW,93.0,74.0,453.0,2023,0,Fall,Evening,Afternoon,-3.6,17.8,84.2,0.7,0.0,0.49,3.0,73,12.899999999999999,1.3,18.4,39.6,0.2,0.0,0.14,2.0,71,8.100000000000001,American Airlines Inc.,-0.8660254037844386,0.5000000000000001,0.20129852008866006,0.9795299412524945
BNA,125.0,97.0,675.0,2024,1,Fall,Afternoon,Morning,-4.6,9.5,27.4,0.8,0.0,0.56,2.0,73,6.8,18.7,16.0,33.5,1.0,1.0,0.0,5.0,51,6.300000000000001,Southwest Airlines Co.,-0.8660254037844386,0.5000000000000001,0.8486442574947509,0.5289640103269624
ORD,129.0,84.0,678.0,2021,0,Fall,Night,Evening,-14.4,10.6,74.5,0.0,0.0,0.0,0.0,2,10.7,2.8,30.3,60.8,0.0,0.0,0.0,0.0,3,9.0,American Airlines Inc.,-0.5000000000000004,0.8660254037844384,0.5712682150947923,0.8207634412072763
MSY,166.0,148.0,1089.0,2022,0,Spring,Afternoon,Morning,-2.1,7.9,46.4,0.0,0.0,0.0,0.0,0,11.2,21.7,26.7,47.5,3.8,3.8,0.0,7.0,63,6.899999999999999,American Airlines Inc.,0.8660254037844387,-0.49999999999999983,0.72479278722912,0.6889669190756866
BOS,103.0,56.0,280.0,2020,0,Spring,Afternoon,Afternoon,-11.9,6.9,23.4,0.3,0.0,0.21,3.0,71,10.3,9.4,20.5,40.7,0.2,0.2,0.0,1.0,51,10.200000000000001,Republic Airline,1.0,6.123233995736766e-17,0.39435585511331855,0.9189578116202306
PHX,274.0,256.0,2075.0,2022,0,Fall,Afternoon,Morning,6.0,9.3,38.2,0.5,0.5,0.0,2.0,51,10.2,35.2,15.5,26.6,0.0,0.0,0.0,0.0,1,13.399999999999999,American Airlines Inc.,-1.0,-1.8369701987210297e-16,0.39435585511331855,0.9189578116202306
PHX,280.0,243.0,2075.0,2023,0,Summer,Evening,Morning,5.7,10.0,59.8,0.0,0.0,0.0,0.0,3,9.9,30.5,18.3,35.3,0.0,0.0,0.0,0.0,1,14.200000000000003,American Airlines Inc.,1.2246467991473532e-16,-1.0,0.5712682150947923,0.8207634412072763
FLL,175.0,138.0,992.0,2020,0,Spring,Afternoon,Morning,-11.1,6.6,22.7,0.0,0.0,0.0,0.0,3,11.200000000000001,21.2,24.9,46.4,0.0,0.0,0.0,0.0,3,5.200000000000003,Southwest Airlines Co.,1.0,6.123233995736766e-17,0.0,1.0
IAH,205.0,163.0,1325.0,2023,0,Summer,Evening,Afternoon,0.8,6.9,28.4,5.7,5.7,0.0,14.0,55,7.0,25.5,14.7,31.7,0.9,0.9,0.0,6.0,51,10.8,United Air Lines Inc.,1.2246467991473532e-16,-1.0,0.5712682150947923,0.8207634412072763
DEN,215.0,174.0,1558.0,2022,1,Fall,Night,Evening,-4.7,8.4,42.5,0.0,0.0,0.0,0.0,3,13.3,15.2,26.2,55.4,1.9,1.9,0.0,2.0,61,10.200000000000001,Southwest Airlines Co.,-0.8660254037844386,0.5000000000000001,0.9377521321470804,0.3473052528448203
MKE,129.0,88.0,690.0,2022,0,Summer,Evening,Afternoon,10.4,7.7,31.7,2.1,2.1,0.0,6.0,53,11.100000000000001,19.1,26.1,51.1,0.0,0.0,0.0,0.0,0,7.399999999999999,PSA Airlines Inc.,1.2246467991473532e-16,-1.0,0.0,1.0
ATL,115.0,86.0,666.0,2021,0,Fall,Night,Night,-10.3,7.8,51.8,0.0,0.0,0.0,0.0,0,11.5,19.8,13.7,23.4,0.0,0.0,0.0,0.0,3,8.2,Delta Air Lines Inc.,-0.8660254037844386,0.5000000000000001,0.20129852008866006,0.9795299412524945
BOS,93.0,63.0,280.0,2024,1,Summer,Afternoon,Afternoon,9.5,8.4,28.1,3.7,3.7,0.0,9.0,61,8.3,25.8,18.6,39.6,11.8,11.8,0.0,7.0,65,7.199999999999999,JetBlue Airways,-0.8660254037844384,-0.5000000000000004,0.9377521321470804,0.3473052528448203
FLL,159.0,129.0,992.0,2021,1,Spring,Morning,Morning,-2.3,10.2,52.6,0.0,0.0,0.0,0.0,3,10.6,24.7,29.2,55.4,1.5,1.5,0.0,9.0,51,5.200000000000003,Spirit Air Lines,0.49999999999999994,-0.8660254037844387,0.9377521321470804,0.3473052528448203
MSN,125.0,107.0,764.0,2023,0,Fall,Evening,Afternoon,4.8,10.8,34.9,0.0,0.0,0.0,0.0,3,12.8,24.4,21.3,39.6,4.8,4.8,0.0,9.0,63,6.5,PSA Airlines Inc.,-1.0,-1.8369701987210297e-16,0.39435585511331855,0.9189578116202306
STL,130.0,101.0,814.0,2024,0,Fall,Morning,Morning,-7.2,9.4,29.2,0.0,0.0,0.0,0.0,0,12.200000000000001,22.9,29.7,59.0,0.0,0.0,0.0,0.0,3,7.400000000000002,American Airlines Inc.,-0.8660254037844386,0.5000000000000001,0.39435585511331855,0.9189578116202306
BTV,103.0,68.0,335.0,2022,1,Winter,Morning,Morning,-19.2,9.6,27.0,0.0,0.0,0.0,0.0,0,12.299999999999999,-9.1,32.2,64.8,0.1,0.0,0.14,1.0,71,7.9,PSA Airlines Inc.,-2.4492935982947064e-16,1.0,0.9377521321470804,0.3473052528448203
SFO,312.0,269.0,2521.0,2023,0,Fall,Afternoon,Morning,-6.0,6.8,31.3,6.5,0.0,4.55,13.0,73,8.399999999999999,12.9,16.1,31.0,0.0,0.0,0.0,0.0,3,8.2,American Airlines Inc.,-0.5000000000000004,0.8660254037844384,0.5712682150947923,0.8207634412072763
ORF,68.0,43.0,212.0,2021,1,Fall,Morning,Morning,-0.2,12.6,83.2,2.0,0.0,1.4,7.0,73,9.3,18.3,12.1,24.5,0.0,0.0,0.0,0.0,3,13.600000000000001,PSA Airlines Inc.,-0.8660254037844386,0.5000000000000001,0.8486442574947509,0.5289640103269624
BDL,78.0,56.0,196.0,2024,1,Spring,Morning,Morning,-6.0,10.5,41.4,0.3,0.0,0.21,3.0,71,14.4,1.4,25.3,54.0,49.0,49.0,0.0,16.0,65,2.5999999999999996,PSA Airlines Inc.,1.0,6.123233995736766e-17,0.8486442574947509,0.5289640103269624
GRR,122.0,87.0,573.0,2020,0,Winter,Morning,Morning,-15.0,7.1,35.3,0.0,0.0,0.0,0.0,3,9.299999999999999,2.8,14.5,29.2,0.0,0.0,0.0,0.0,3,4.7,PSA Airlines Inc.,0.49999999999999994,0.8660254037844387,0.72479278722912,0.6889669190756866
DFW,183.0,156.0,1303.0,2021,1,Fall,Morning,Morning,-20.2,7.7,25.9,1.6,0.0,1.12,13.0,71,11.000000000000002,12.7,19.5,34.9,4.5,4.5,0.0,4.0,63,8.100000000000001,American Airlines Inc.,-0.5000000000000004,0.8660254037844384,0.9377521321470804,0.3473052528448203
MCO,149.0,107.0,861.0,2024,0,Spring,Night,Night,-16.9,6.9,25.6,1.7,0.0,1.19,12.0,71,7.500000000000002,20.8,18.9,37.8,0.4,0.4,0.0,3.0,51,9.8,Frontier Airlines Inc.,1.0,6.123233995736766e-17,0.72479278722912,0.6889669190756866
TPA,168.0,150.0,920.0,2023,0,Summer,Evening,Evening,8.2,13.3,42.1,1.1,1.1,0.0,1.0,55,12.5,29.6,14.8,31.3,2.8,2.8,0.0,3.0,63,9.099999999999998,Frontier Airlines Inc.,-0.4999999999999998,-0.8660254037844388,0.0,1.0
BOS,88.0,62.0,280.0,2021,0,Fall,Morning,Morning,-12.5,11.5,64.4,5.4,0.0,3.78,11.0,73,13.399999999999999,17.5,18.4,33.5,0.1,0.1,0.0,1.0,51,6.099999999999998,Republic Airline,-0.8660254037844386,0.5000000000000001,0.72479278722912,0.6889669190756866
BHM,138.0,105.0,772.0,2024,0,Summer,Evening,Afternoon,7.3,10.1,42.5,0.7,0.7,0.0,3.0,51,10.4,26.1,9.4,22.3,0.0,0.0,0.0,0.0,2,11.8,PSA Airlines Inc.,-0.4999999999999998,-0.8660254037844388,0.5712682150947923,0.8207634412072763
MDW,121.0,90.0,668.0,2024,0,Fall,Night,Evening,-6.4,8.4,27.4,0.0,0.0,0.0,0.0,2,12.3,19.2,34.8,69.1,7.2,7.2,0.0,5.0,63,10.999999999999998,Frontier Airlines Inc.,-0.8660254037844386,0.5000000000000001,0.5712682150947923,0.8207634412072763
DFW,201.0,154.0,1303.0,2023,0,Spring,Afternoon,Morning,-7.0,8.4,27.4,0.3,0.0,0.21,3.0,71,14.100000000000001,24.1,22.4,46.8,1.0,1.0,0.0,4.0,53,8.700000000000003,American Airlines Inc.,0.49999999999999994,-0.8660254037844387,0.20129852008866006,0.9795299412524945
MCO,146.0,121.0,861.0,2021,0,Fall,Afternoon,Afternoon,-10.8,10.4,63.0,0.0,0.0,0.0,0.0,2,10.700000000000001,23.2,10.0,22.7,8.5,8.5,0.0,8.0,63,6.800000000000001,American Airlines Inc.,-0.8660254037844386,0.5000000000000001,0.0,1.0
ATL,115.0,96.0,666.0,2025,0,Winter,Night,Night,-16.2,9.7,25.6,0.0,0.0,0.0,0.0,3,13.899999999999999,18.7,15.4,33.1,2.6,2.6,0.0,4.0,61,7.0,Delta Air Lines Inc.,0.8660254037844386,0.5000000000000001,0.72479278722912,0.6889669190756866
CLT,99.0,71.0,449.0,2025,0,Spring,Evening,Afternoon,-3.1,6.8,29.9,31.7,3.3,19.88,17.0,75,5.5,20.3,26.3,62.3,5.2,5.2,0.0,9.0,61,8.599999999999998,American Airlines Inc.,0.49999999999999994,-0.8660254037844387,0.72479278722912,0.6889669190756866
CMH,94.0,64.0,406.0,2024,0,Summer,Morning,Morning,3.7,9.7,37.4,3.5,2.0,1.05,4.0,75,10.7,15.9,16.9,36.7,0.0,0.0,0.0,0.0,3,8.4,PSA Airlines Inc.,1.2246467991473532e-16,-1.0,0.0,1.0
BGR,112.0,83.0,473.0,2021,0,Fall,Afternoon,Afternoon,4.2,9.5,35.6,4.1,4.1,0.0,7.0,61,9.6,16.9,22.7,49.3,7.0,7.0,0.0,12.0,61,8.900000000000002,PSA Airlines Inc.,-1.0,-1.8369701987210297e-16,0.39435585511331855,0.9189578116202306
SEA,305.0,281.0,2378.0,2023,0,Summer,Evening,Morning,7.4,9.7,43.9,1.2,1.2,0.0,6.0,53,12.7,20.6,8.3,22.7,0.0,0.0,0.0,0.0,3,10.7,Alaska Airlines Inc.,-0.8660254037844384,-0.5000000000000004,0.20129852008866006,0.9795299412524945
SFO,314.0,284.0,2521.0,2022,1,Winter,Morning,Night,-20.6,8.8,24.1,0.0,0.0,0.0,0.0,0,13.899999999999999,9.7,15.2,26.3,0.0,0.0,0.0,0.0,3,6.3,American Airlines Inc.,-2.4492935982947064e-16,1.0,0.8486442574947509,0.5289640103269624
BOS,94.0,56.0,280.0,2024,0,Summer,Evening,Evening,5.4,10.4,38.5,5.3,4.1,0.84,6.0,75,10.7,27.2,23.0,42.8,0.4,0.4,0.0,1.0,51,14.700000000000003,American Airlines Inc.,1.2246467991473532e-16,-1.0,0.39435585511331855,0.9189578116202306
DCA,64.0,30.0,119.0,2022,0,Fall,Evening,Afternoon,3.1,8.6,35.3,0.0,0.0,0.0,0.0,3,8.8,24.2,13.0,26.6,3.7,3.7,0.0,8.0,61,5.399999999999999,PSA Airlines Inc.,-1.0,-1.8369701987210297e-16,0.0,1.0
DFW,185.0,163.0,1303.0,2021,1,Fall,Afternoon,Morning,-16.2,10.5,35.6,0.0,0.0,0.0,0.0,3,11.3,17.9,29.7,49.3,0.0,0.0,0.0,0.0,3,4.0,American Airlines Inc.,-0.5000000000000004,0.8660254037844384,0.9377521321470804,0.3473052528448203
SJU,250.0,221.0,1576.0,2021,0,Fall,Afternoon,Afternoon,-8.2,7.3,21.2,0.0,0.0,0.0,0.0,1,12.8,26.7,13.2,28.1,9.4,9.4,0.0,7.0,65,6.0,Frontier Airlines Inc.,-0.8660254037844386,0.5000000000000001,0.72479278722912,0.6889669190756866
PIT,95.0,52.0,268.0,2021,0,Summer,Evening,Afternoon,6.1,7.2,38.2,0.2,0.2,0.0,1.0,51,11.1,24.1,14.7,39.6,0.1,0.1,0.0,1.0,51,13.400000000000002,American Airlines Inc.,-0.8660254037844384,-0.5000000000000004,0.72479278722912,0.6889669190756866
SFO,340.0,278.0,2521.0,2021,0,Spring,Evening,Morning,1.4,9.0,47.5,2.2,2.1,0.07,7.0,71,12.6,12.5,34.5,62.3,0.0,0.0,0.0,0.0,3,6.700000000000001,American Airlines Inc.,0.49999999999999994,-0.8660254037844387,0.72479278722912,0.6889669190756866
JAX,130.0,99.0,742.0,2020,0,Winter,Afternoon,Afternoon,-12.6,7.7,40.7,0.0,0.0,0.0,0.0,3,13.600000000000001,18.5,19.3,38.2,25.0,25.0,0.0,12.0,63,3.8000000000000007,Republic Airline,0.8660254037844386,0.5000000000000001,0.20129852008866006,0.9795299412524945
SAT,212.0,187.0,1496.0,2024,0,Fall,Evening,Afternoon,-7.2,9.4,29.2,0.0,0.0,0.0,0.0,0,12.200000000000001,25.5,23.3,52.6,1.7,1.7,0.0,9.0,51,9.0,American Airlines Inc.,-0.8660254037844386,0.5000000000000001,0.39435585511331855,0.9189578116202306
GRR,101.0,86.0,573.0,2020,0,Summer,Afternoon,Afternoon,11.9,9.4,36.7,0.7,0.7,0.0,3.0,51,12.9,25.7,17.4,41.0,0.0,0.0,0.0,0.0,2,12.2,PSA Airlines Inc.,-0.8660254037844384,-0.5000000000000004,0.0,1.0
BOS,98.0,57.0,280.0,2020,0,Winter,Afternoon,Afternoon,-16.8,8.0,28.8,0.0,0.0,0.0,0.0,3,11.700000000000001,1.7,29.2,52.2,0.0,0.0,0.0,0.0,3,5.6000000000000005,JetBlue Airways,0.49999999999999994,0.8660254037844387,0.39435585511331855,0.9189578116202306
CMH,85.0,58.0,406.0,2023,1,Spring,Morning,Morning,-3.2,8.4,59.4,0.1,0.0,0.07,1.0,71,7.3,8.6,14.1,25.2,0.0,0.0,0.0,0.0,0,13.6,American Airlines Inc.,0.8660254037844387,-0.49999999999999983,0.9377521321470804,0.3473052528448203
GSP,106.0,80.0,515.0,2025,0,Summer,Morning,Morning,11.0,13.4,41.8,0.0,0.0,0.0,0.0,3,13.599999999999998,29.2,17.4,40.0,3.0,3.0,0.0,2.0,63,9.899999999999999,PSA Airlines Inc.,-0.4999999999999998,-0.8660254037844388,0.72479278722912,0.6889669190756866
ORF,67.0,41.0,212.0,2022,0,Summer,Morning,Morning,2.6,7.3,27.0,14.2,14.2,0.0,21.0,61,2.9999999999999996,25.5,12.0,23.4,0.0,0.0,0.0,0.0,3,7.300000000000001,PSA Airlines Inc.,-0.8660254037844384,-0.5000000000000004,0.39435585511331855,0.9189578116202306
BOS,97.0,67.0,280.0,2025,0,Summer,Morning,Morning,7.6,7.7,26.3,2.3,2.3,0.0,8.0,53,10.2,24.4,17.8,43.6,15.1,15.1,0.0,10.0,63,13.100000000000001,American Airlines Inc.,-0.4999999999999998,-0.8660254037844388,0.5712682150947923,0.8207634412072763
ORF,78.0,44.0,212.0,2025,0,Winter,Evening,Afternoon,-16.9,9.4,24.1,0.0,0.0,0.0,0.0,3,13.599999999999998,3.0,22.3,43.6,0.0,0.0,0.0,0.0,3,5.8,Republic Airline,0.49999999999999994,0.8660254037844387,0.72479278722912,0.6889669190756866
MCO,148.0,122.0,861.0,2021,0,Spring,Afternoon,Afternoon,-2.4,7.8,34.9,0.0,0.0,0.0,0.0,0,12.0,22.5,20.2,41.4,0.0,0.0,0.0,0.0,3,9.0,American Airlines Inc.,0.8660254037844387,-0.49999999999999983,0.20129852008866006,0.9795299412524945
ATL,125.0,93.0,666.0,2020,0,Winter,Afternoon,Afternoon,-16.6,8.0,43.6,0.0,0.0,0.0,0.0,3,12.099999999999998,-0.6,25.4,44.6,0.0,0.0,0.0,0.0,2,9.0,American Airlines Inc.,0.49999999999999994,0.8660254037844387,0.0,1.0
LAX,305.0,286.0,2402.0,2021,0,Fall,Morning,Night,-10.1,7.1,23.0,0.0,0.0,0.07,0.0,71,11.600000000000001,17.9,14.8,23.4,0.0,0.0,0.0,0.0,0,11.0,Spirit Air Lines,-0.8660254037844386,0.5000000000000001,0.5712682150947923,0.8207634412072763
CLT,100.0,67.0,449.0,2021,0,Spring,Night,Night,-2.3,11.2,64.8,0.7,0.0,0.49,4.0,73,12.0,14.5,10.7,19.1,0.0,0.0,0.0,0.0,3,13.3,American Airlines Inc.,0.49999999999999994,-0.8660254037844387,0.72479278722912,0.6889669190756866
MCI,159.0,132.0,1038.0,2022,0,Summer,Morning,Morning,9.8,9.8,35.3,0.1,0.1,0.0,1.0,51,11.5,24.1,9.9,19.8,0.0,0.0,0.0,0.0,1,13.399999999999999,American Airlines Inc.,-0.8660254037844384,-0.5000000000000004,0.5712682150947923,0.8207634412072763
SFO,326.0,300.0,2521.0,2023,0,Fall,Evening,Morning,-8.5,11.7,41.4,0.0,0.0,0.0,0.0,3,15.1,12.6,20.9,40.3,0.0,0.0,0.0,0.0,3,7.999999999999998,United Air Lines Inc.,-0.5000000000000004,0.8660254037844384,0.0,1.0
BOS,99.0,63.0,280.0,2022,0,Fall,Afternoon,Afternoon,3.1,8.6,35.3,0.0,0.0,0.0,0.0,3,8.8,21.5,14.7,25.9,13.0,13.0,0.0,16.0,61,5.5,American Airlines Inc.,-1.0,-1.8369701987210297e-16,0.0,1.0
PIT,89.0,44.0,268.0,2021,1,Winter,Morning,Morning,-14.7,8.5,22.3,0.0,0.0,0.0,0.0,3,11.5,3.4,16.6,34.2,0.0,0.0,0.0,0.0,3,12.1,Republic Airline,-2.4492935982947064e-16,1.0,0.9377521321470804,0.3473052528448203
DFW,190.0,162.0,1303.0,2022,1,Fall,Morning,Morning,2.2,7.4,29.2,2.6,2.6,0.0,9.0,53,9.8,26.7,11.0,24.5,2.8,2.8,0.0,5.0,61,9.2,American Airlines Inc.,-1.0,-1.8369701987210297e-16,0.8486442574947509,0.5289640103269624
ATL,133.0,111.0,666.0,2020,0,Fall,Evening,Evening,-8.7,8.6,39.2,0.0,0.0,0.0,0.0,3,10.3,20.7,16.7,31.7,0.4,0.4,0.0,3.0,51,8.899999999999999,Republic Airline,-0.8660254037844386,0.5000000000000001,0.5712682150947923,0.8207634412072763
MCO,157.0,132.0,861.0,2021,0,Summer,Evening,Evening,4.7,10.6,61.2,0.2,0.2,0.0,1.0,51,11.1,28.5,15.8,37.1,1.7,1.7,0.0,6.0,53,9.199999999999996,Frontier Airlines Inc.,1.2246467991473532e-16,-1.0,0.72479278722912,0.6889669190756866
DEN,205.0,163.0,1558.0,2022,0,Spring,Afternoon,Morning,-7.4,8.7,54.7,0.4,0.0,0.28,2.0,73,10.100000000000001,-6.4,19.5,31.7,1.0,0.0,0.7,9.0,71,8.6,Southwest Airlines Co.,1.0,6.123233995736766e-17,0.39435585511331855,0.9189578116202306
AUS,214.0,211.0,1430.0,2025,1,Summer,Evening,Afternoon,7.8,9.8,29.5,1.8,1.8,0.0,3.0,61,11.600000000000001,28.4,18.4,41.0,8.3,8.3,0.0,8.0,63,10.300000000000004,American Airlines Inc.,1.2246467991473532e-16,-1.0,0.9377521321470804,0.3473052528448203
ORD,125.0,90.0,678.0,2020,0,Spring,Morning,Morning,-2.1,8.3,39.2,0.0,0.0,0.0,0.0,3,16.1,3.7,22.5,47.2,0.0,0.0,0.0,0.0,3,10.1,American Airlines Inc.,0.8660254037844387,-0.49999999999999983,0.72479278722912,0.6889669190756866
SJU,246.0,216.0,1576.0,2023,1,Spring,Night,Night,-9.6,9.2,59.8,0.0,0.0,0.0,0.0,3,10.3,24.3,13.4,34.9,0.0,0.0,0.0,0.0,3,7.599999999999998,Frontier Airlines Inc.,1.0,6.123233995736766e-17,0.9377521321470804,0.3473052528448203
BOS,96.0,57.0,280.0,2022,0,Summer,Night,Evening,8.8,9.0,34.6,2.8,2.8,0.0,7.0,61,9.0,21.6,18.1,36.0,1.9,1.9,0.0,7.0,53,6.399999999999999,JetBlue Airways,-0.8660254037844384,-0.5000000000000004,0.39435585511331855,0.9189578116202306
TPA,154.0,123.0,920.0,2024,0,Winter,Afternoon,Morning,-17.5,11.4,27.7,0.0,0.0,0.0,0.0,3,17.0,13.8,8.6,22.7,0.0,0.0,0.0,0.0,3,12.299999999999999,American Airlines Inc.,-2.4492935982947064e-16,1.0,0.5712682150947923,0.8207634412072763
CVG,98.0,73.0,507.0,2022,0,Fall,Afternoon,Morning,-10.8,8.1,44.6,0.0,0.0,0.0,0.0,3,11.399999999999999,6.4,22.7,50.0,0.3,0.3,0.0,2.0,51,5.1,PSA Airlines Inc.,-0.5000000000000004,0.8660254037844384,0.0,1.0
BNA,117.0,91.0,675.0,2024,0,Winter,Afternoon,Afternoon,-13.3,10.0,47.9,0.0,0.0,0.0,0.0,3,14.2,11.1,23.1,46.4,0.0,0.0,0.0,0.0,3,8.4,PSA Airlines Inc.,0.8660254037844386,0.5000000000000001,0.5712682150947923,0.8207634412072763
FLL,168.0,135.0,992.0,2024,0,Spring,Afternoon,Morning,-6.3,13.8,65.5,0.7,0.0,0.49,2.0,73,9.3,23.9,14.0,30.2,7.9,7.9,0.0,10.0,63,6.199999999999999,American Airlines Inc.,0.49999999999999994,-0.8660254037844387,0.39435585511331855,0.9189578116202306
ATL,125.0,90.0,666.0,2022,0,Summer,Morning,Morning,5.7,6.3,36.7,3.5,3.1,0.28,7.0,73,8.899999999999999,24.7,13.4,34.2,9.4,9.4,0.0,10.0,63,6.600000000000001,Southwest Airlines Co.,-0.4999999999999998,-0.8660254037844388,0.39435585511331855,0.9189578116202306
PHX,264.0,247.0,2075.0,2020,1,Winter,Evening,Morning,-18.2,9.3,30.2,0.0,0.0,0.0,0.0,3,16.2,13.5,10.8,19.1,0.0,0.0,0.0,0.0,3,14.8,American Airlines Inc.,0.49999999999999994,0.8660254037844387,0.9377521321470804,0.3473052528448203
FLL,168.0,127.0,992.0,2023,0,Fall,Night,Night,-0.8,10.8,37.4,4.7,0.4,3.01,15.0,73,5.5,26.0,15.1,25.6,14.6,14.6,0.0,10.0,65,6.900000000000002,Spirit Air Lines,-1.0,-1.8369701987210297e-16,0.5712682150947923,0.8207634412072763
MSP,161.0,127.0,980.0,2021,0,Fall,Evening,Afternoon,-8.7,8.9,35.3,0.0,0.0,0.0,0.0,2,10.5,12.4,22.6,49.0,0.1,0.1,0.0,1.0,51,8.0,PSA Airlines Inc.,-0.8660254037844386,0.5000000000000001,0.5712682150947923,0.8207634412072763
CLT,107.0,101.0,449.0,2021,1,Summer,Afternoon,Morning,6.1,8.4,37.1,0.4,0.4,0.0,4.0,51,12.5,23.6,9.4,25.6,26.5,26.5,0.0,18.0,65,7.699999999999999,American Airlines Inc.,-0.8660254037844384,-0.5000000000000004,0.8486442574947509,0.5289640103269624
MYR,97.0,66.0,473.0,2021,0,Spring,Night,Night,-4.5,8.6,58.7,0.4,0.0,0.28,4.0,71,7.4,21.6,25.3,47.9,0.0,0.0,0.0,0.0,3,7.600000000000001,Frontier Airlines Inc.,1.0,6.123233995736766e-17,0.72479278722912,0.6889669190756866
LAS,286.0,247.0,2176.0,2022,0,Summer,Morning,Night,5.8,9.6,55.1,0.0,0.0,0.0,0.0,3,10.9,31.6,24.3,41.8,0.0,0.0,0.0,0.0,1,15.599999999999998,Frontier Airlines Inc.,1.2246467991473532e-16,-1.0,0.72479278722912,0.6889669190756866
RSW,153.0,137.0,993.0,2020,1,Summer,Afternoon,Morning,9.7,11.1,42.5,0.0,0.0,0.0,0.0,3,13.2,28.1,13.5,32.8,1.8,1.8,0.0,6.0,53,6.899999999999999,American Airlines Inc.,-0.8660254037844384,-0.5000000000000004,0.9377521321470804,0.3473052528448203
MDW,115.0,86.0,668.0,2022,0,Summer,Morning,Morning,5.4,9.2,54.4,0.0,0.0,0.0,0.0,3,8.9,30.5,34.4,60.5,0.0,0.0,0.0,0.0,3,9.100000000000001,Southwest Airlines Co.,1.2246467991473532e-16,-1.0,0.39435585511331855,0.9189578116202306
FLL,164.0,138.0,992.0,2022,1,Spring,Night,Evening,-1.3,8.5,42.5,0.0,0.0,0.0,0.0,3,10.399999999999999,24.2,29.2,53.6,1.4,1.4,0.0,7.0,53,4.5,Spirit Air Lines,0.8660254037844387,-0.49999999999999983,0.8486442574947509,0.5289640103269624
SAN,307.0,253.0,2370.0,2021,0,Spring,Evening,Morning,-4.5,8.6,58.7,0.4,0.0,0.28,4.0,71,7.4,12.7,25.9,41.0,2.4,2.4,0.0,11.0,51,4.6,American Airlines Inc.,1.0,6.123233995736766e-17,0.72479278722912,0.6889669190756866
PVD,84.0,57.0,237.0,2023,0,Winter,Evening,Afternoon,-14.1,9.0,56.5,0.8,0.0,0.56,4.0,73,16.599999999999998,4.8,17.6,30.2,9.9,9.9,0.0,11.0,63,9.299999999999999,PSA Airlines Inc.,0.49999999999999994,0.8660254037844387,0.20129852008866006,0.9795299412524945
SLC,260.0,227.0,1927.0,2024,1,Fall,Evening,Morning,-0.7,10.2,34.6,1.3,0.6,0.49,10.0,71,5.199999999999999,20.7,14.8,30.2,0.0,0.0,0.0,0.0,1,14.8,Delta Air Lines Inc.,-0.8660254037844386,0.5000000000000001,0.8486442574947509,0.5289640103269624
PBI,153.0,159.0,951.0,2020,1,Summer,Morning,Morning,4.1,8.9,36.0,3.5,2.8,0.49,11.0,73,8.7,28.1,25.3,43.2,1.4,1.4,0.0,5.0,53,1.8999999999999986,Republic Airline,1.2246467991473532e-16,-1.0,0.9377521321470804,0.3473052528448203
TPA,156.0,128.0,920.0,2024,0,Spring,Afternoon,Morning,-6.9,13.1,42.8,1.6,0.0,1.12,5.0,73,11.8,18.9,21.0,38.5,0.0,0.0,0.0,0.0,0,10.8,American Airlines Inc.,0.8660254037844387,-0.49999999999999983,0.72479278722912,0.6889669190756866
TPA,153.0,136.0,920.0,2023,1,Spring,Afternoon,Afternoon,-5.4,9.1,56.5,0.0,0.0,0.0,0.0,1,13.1,24.5,22.7,43.9,1.3,1.3,0.0,7.0,51,9.5,American Airlines Inc.,0.8660254037844387,-0.49999999999999983,0.8486442574947509,0.5289640103269624
RDU,91.0,52.0,337.0,2023,1,Fall,Evening,Afternoon,-7.6,10.2,27.7,0.0,0.0,0.0,0.0,3,13.9,6.4,17.3,37.4,0.0,0.0,0.0,0.0,3,5.1000000000000005,Republic Airline,-0.5000000000000004,0.8660254037844384,0.8486442574947509,0.5289640103269624
BUF,94.0,48.0,279.0,2020,0,Spring,Afternoon,Afternoon,-8.5,7.1,28.4,0.8,0.0,0.56,6.0,71,8.299999999999999,4.8,17.2,35.3,0.0,0.0,0.0,0.0,3,10.1,Republic Airline,0.8660254037844387,-0.49999999999999983,0.39435585511331855,0.9189578116202306
RSW,156.0,126.0,993.0,2020,1,Winter,Morning,Morning,-23.2,8.0,24.5,0.0,0.0,0.0,0.0,0,12.700000000000003,22.9,26.6,52.2,0.0,0.0,0.0,0.0,3,10.2,American Airlines Inc.,0.49999999999999994,0.8660254037844387,0.8486442574947509,0.5289640103269624
MCO,157.0,114.0,861.0,2022,0,Summer,Morning,Morning,8.7,8.4,34.2,1.0,1.0,0.0,2.0,53,10.6,26.7,13.7,28.4,10.8,10.8,0.0,5.0,65,9.8,Spirit Air Lines,-0.8660254037844384,-0.5000000000000004,0.72479278722912,0.6889669190756866
MCO,153.0,110.0,861.0,2024,1,Summer,Afternoon,Morning,5.6,12.0,47.2,0.0,0.0,0.0,0.0,1,11.0,28.5,12.7,25.6,0.5,0.5,0.0,1.0,53,9.400000000000002,Frontier Airlines Inc.,-0.4999999999999998,-0.8660254037844388,0.8486442574947509,0.5289640103269624
DFW,187.0,157.0,1303.0,2020,0,Winter,Night,Evening,-12.3,9.1,45.7,1.4,0.0,1.05,8.0,73,9.2,10.5,18.8,38.5,0.4,0.4,0.0,2.0,51,7.3,American Airlines Inc.,-2.4492935982947064e-16,1.0,0.39435585511331855,0.9189578116202306
DFW,190.0,163.0,1303.0,2024,0,Spring,Afternoon,Morning,-5.8,8.9,30.6,0.3,0.0,0.21,3.0,71,15.6,15.8,15.2,36.0,0.0,0.0,0.0,0.0,0,18.6,American Airlines Inc.,0.8660254037844387,-0.49999999999999983,0.5712682150947923,0.8207634412072763
